,SHAP방향,로지스틱계수,기여도,부호일치
2년연속영업손실,0.9250434551091383,0.22876989830007077,0.01043460730889071,True
ROA,-0.7840603413849464,-0.4448142085123217,0.3734172428745958,True
ROA_결측,0.0,0.7315299660536049,0.0,False
ΔROA,-0.2001152299822219,0.0471614593358346,0.02704069015912136,False
ΔROA_결측,0.0,-0.8383244636352492,0.0,False
Δ부채비율,0.4442403230519453,-0.10357402767275477,0.02565874566943861,False
Δ부채비율_결측,0.0,0.6956569206312359,0.0,False
Δ영업이익률,0.4259846709632038,0.008625213610536406,0.01683127205304109,True
Δ영업이익률_결측,0.0,-0.6102148297504771,0.0,False
Δ영업현금흐름_매출,0.11072377188213603,-0.016530373717852005,0.028289763659889004,False
Δ영업현금흐름_매출_결측,0.0,0.3154135904882156,0.0,False
Δ유동비율,-0.5128889404351396,0.17382536580935648,0.013182028394852665,False
Δ유동비율_결측,0.0,-0.2510509943265979,0.0,False
Δ총자산회전율,0.23481525803182876,0.1417628727643831,0.012895368894807085,True
Δ총자산회전율_결측,0.0,0.8290127699736773,0.0,False
로그자산,-0.8171480064150061,-0.7612665853973213,0.16480340966580836,True
로그자산_결측,0.0,-0.27795388001838683,0.0,False
매출증가율,-0.4217820332897762,-0.07156995145638963,0.026787657570548292,True
매출증가율_결측,0.0,-0.20391076881252462,0.0,False
매출채권회전율,0.056967901672052255,0.00810340965714154,0.05527654935884278,True
매출채권회전율_결측,0.8108831869864578,0.08662351589796287,0.002237599282806469,True
부채비율,0.65434459915412,0.18262772910000918,0.04769093009999221,True
부채비율_결측,0.0,0.9156070119077426,0.0,False
순이익률,-0.5936098764277319,-0.10954208459923548,0.08278520912989595,True
순이익률_결측,0.0,0.6508539334032699,0.0,False
영업손실,0.0,0.19488845180319847,0.0,False
영업손실_결측,0.0,0.06671541802206363,0.0,False
영업이익률,-0.046086838057669936,0.2658237487892534,0.03321523265361417,False
영업이익률_결측,0.0,-0.7483549136720091,0.0,False
영업현금흐름_매출,-0.032794717713018284,-0.08690439153445428,0.028210259611554662,True
영업현금흐름_매출_결측,0.0,0.016791141387172862,0.0,False
영업현금흐름_부채,0.19288135295860048,0.18580077752593468,0.0409432235294751,True
영업현금흐름_부채_결측,0.0,0.13870284824187318,0.0,False
완전자본잠식,0.0,0.027250028637564358,0.0,False
완전자본잠식_결측,0.0,-1.2081200689999918,0.0,False
유동비율,-0.5174359377433321,-0.5043586525369359,0.10133076901329295,True
유동비율_결측,0.0,-0.10969854248621222,0.0,False
이익의현금전환,-0.6208423855952855,-0.14397862651768542,0.014616392551403248,True
이익의현금전환_결측,0.0,-1.2449506627352152,0.0,False
이자보상배율,-0.04564176081511666,-0.9186923618372482,0.01754645566360989,True
이자보상배율_결측,0.0,-0.11031342894706975,0.0,False
자기자본비율,-0.8635687210470656,-0.4739688617355381,0.12874008299365863,True
자기자본비율_결측,0.0,0.3301061416545326,0.0,False
자본잠식,0.0,0.2645466731435649,0.0,False
자본잠식_결측,0.8721239404831809,0.005021331026385471,0.0025826502230990723,True
자본잠식률,0.3110688347870233,0.06635519887649766,0.21257067879118346,True
자본잠식률_결측,0.0,0.005021331026385471,0.0,False
자산증가율,-0.31431632918329194,0.2106390262076409,0.03758193720476391,False
자산증가율_결측,0.0,-0.06399445345433072,0.0,False
재고자산회전율,0.35602369177533516,0.19539016304768855,0.026820408432270713,True
재고자산회전율_결측,0.0,-0.05676497970534757,0.0,False
총자산영업이익률,-0.5923354247150469,-0.11978577521004001,0.3478834053777522,True
총자산영업이익률_결측,0.0,0.07018916174640702,0.0,False
총자산회전율,-0.7506806156925376,-0.6808721045715093,0.1334148615814436,True
총자산회전율_결측,0.0,0.019311354204243344,0.0,False
