,계수,z_보정전,z_보정후,유의_보정전,유의_보정후
영업이익률,0.2229,2.4396,1.0721,True,False
순이익률,-0.1038,-1.2139,-0.5335,False,False
ROA,-0.4194,-5.7295,-2.5179,True,True
총자산영업이익률,-0.1345,-1.8215,-0.8005,False,False
부채비율,0.1897,3.6139,1.5881,True,False
자기자본비율,-0.4542,-7.1301,-3.1334,True,True
유동비율,-0.5248,-10.8982,-4.7893,True,True
이자보상배율,-0.9124,-7.7155,-3.3906,True,True
총자산회전율,-0.6727,-19.0034,-8.3513,True,True
매출채권회전율,-0.0047,-0.1729,-0.076,False,False
재고자산회전율,0.1958,8.0005,3.5159,True,True
영업현금흐름_매출,-0.0878,-1.4621,-0.6425,False,False
영업현금흐름_부채,0.1769,3.5695,1.5686,True,False
이익의현금전환,-0.1456,-5.4394,-2.3904,True,True
자본잠식,0.2494,8.2129,3.6093,True,True
완전자본잠식,0.025,0.4991,0.2193,False,False
자본잠식률,0.0765,1.7599,0.7734,False,False
영업손실,0.1329,3.3199,1.459,True,False
로그자산,-0.6871,-17.3465,-7.6231,True,True
Δ영업이익률,0.0541,1.3713,0.6026,False,False
ΔROA,0.0147,0.4053,0.1781,False,False
Δ부채비율,-0.0714,-2.3846,-1.048,True,False
Δ유동비율,0.1364,4.6658,2.0504,True,True
Δ총자산회전율,0.1916,4.4959,1.9758,True,True
Δ영업현금흐름_매출,-0.0232,-0.6647,-0.2921,False,False
매출증가율,-0.1575,-3.4853,-1.5317,True,False
자산증가율,0.2338,6.4968,2.8551,True,True
2년연속영업손실,0.2476,7.7058,3.3864,True,True
