업종2,관측치,부채비율,유동비율,이자보상배율,ROA,영업이익률
10,648,0.9348,1.2748,2.4504,0.0268,0.0371
20,1467,0.6533,1.6338,2.4865,0.0309,0.0515
21,1468,0.5137,2.2245,0.911,0.0146,0.0342
22,507,0.6424,1.5336,2.1034,0.0293,0.0442
24,807,0.754,1.6214,1.5768,0.023,0.0294
25,418,0.6301,1.5998,1.2243,0.0161,0.0302
26,2595,0.647,1.7721,0.9197,0.0163,0.0255
27,746,0.4548,2.5509,1.2181,0.0206,0.0483
28,692,0.7615,1.5777,1.4502,0.0241,0.0355
29,1720,0.6829,1.772,1.5434,0.0254,0.0448
30,1014,1.3615,1.0582,1.4367,0.0166,0.0279
41,441,1.6589,1.3381,1.9394,0.0172,0.0325
46,1269,0.7278,1.5764,0.6544,0.0107,0.0144
58,1297,0.4152,2.6572,1.7271,0.0225,0.0518
70,369,0.3932,3.5332,-4.2733,-0.1732,-1.082
