,25%,중앙값,75%,결측률
영업이익률,-0.0215,0.0338,0.0833,0.0291
순이익률,-0.0497,0.0238,0.0747,0.0405
ROA,-0.0331,0.0196,0.057,0.0165
총자산영업이익률,-0.0132,0.0272,0.0638,0.0015
부채비율,0.309,0.6792,1.3069,0.0038
자기자본비율,0.429,0.5915,0.7591,0.004
유동비율,1.0443,1.6434,3.0112,0.0076
이자보상배율,-0.6407,1.519,6.7649,0.1988
총자산회전율,0.455,0.7084,1.0407,0.0257
매출채권회전율,4.2466,6.1417,9.104,0.0425
재고자산회전율,4.4698,7.3178,14.6268,0.0933
영업현금흐름_매출,-0.0205,0.0499,0.1174,0.0409
영업현금흐름_부채,-0.0322,0.0943,0.2669,0.0179
이익의현금전환,0.0179,0.8481,1.8383,0.0301
자본잠식,0.0,0.0,0.0,0.0298
완전자본잠식,0.0,0.0,0.0,0.0037
자본잠식률,-19.6567,-8.904,-3.0607,0.0298
영업손실,0.0,0.0,1.0,0.001
로그자산,25.059,25.8207,26.8328,0.0006
Δ영업이익률,-0.0398,-0.0028,0.0273,0.1591
ΔROA,-0.038,-0.003,0.0289,0.147
Δ부채비율,-0.1067,-0.0006,0.1299,0.1314
Δ유동비율,-0.3105,-0.0061,0.2765,0.1349
Δ총자산회전율,-0.0929,-0.0077,0.0701,0.1564
Δ영업현금흐름_매출,-0.0682,-0.0019,0.0634,0.172
매출증가율,-0.0796,0.0426,0.1841,0.157
자산증가율,-0.0284,0.045,0.1485,0.1274
2년연속영업손실,0.0,0.0,0.0,0.0
