변수,위험 쪽 문장,안전 쪽 문장,단위,카드에 씀
부채비율,부채비율이 높습니다,부채비율이 낮은 편입니다,배,○
자기자본비율,자기자본이 얇아 손실 흡수 여력이 작습니다,자기자본이 두텁습니다,,○
유동비율,1년 내 갚을 돈에 비해 현금화 가능한 자산이 부족합니다,단기 지급능력에 여유가 있습니다,배,○
이자보상배율,영업이익으로 이자비용을 감당하지 못하고 있습니다,영업이익으로 이자를 충분히 감당합니다,배,○
영업이익률,본업에서 이익이 나지 않고 있습니다,본업에서 이익이 납니다,,○
순이익률,순손실 구간입니다,순이익이 안정적입니다,,○
ROA,자산을 굴려 벌어들이는 이익이 적습니다,자산 대비 수익성이 양호합니다,,○
총자산영업이익률,자산 대비 영업이익이 부족합니다,자산 대비 영업이익이 양호합니다,,○
영업현금흐름_매출,매출은 있으나 현금이 들어오지 않고 있습니다,매출이 현금으로 잘 회수됩니다,,○
영업현금흐름_부채,영업현금으로는 차입금 상환이 어렵습니다,영업현금으로 차입금을 감당할 수 있습니다,,○
이익의현금전환,장부상 이익과 실제 현금흐름이 벌어져 있습니다,장부이익이 현금으로 뒷받침됩니다,,○
매출채권회전율,대금 회수가 느려 매출채권이 쌓이고 있습니다,대금 회수가 빠릅니다,회,○
재고자산회전율,재고가 소진되지 않고 누적되고 있습니다,재고가 정상적으로 회전합니다,회,○
총자산회전율,자산 규모에 비해 매출이 작습니다,자산이 효율적으로 쓰입니다,회,○
자본잠식,자본금 대비 자본총계가 미달합니다(부분 자본잠식),자본잠식 상태가 아닙니다,,○
완전자본잠식,자본총계가 음(-)입니다(완전 자본잠식),자본총계가 양(+)입니다,,○
자본잠식률,자본잠식 정도가 큽니다,자본잠식이 없습니다,,○
영업손실,당기 영업손실이 발생했습니다,당기 영업이익이 발생했습니다,,○
2년연속영업손실,2년 연속 영업손실입니다,연속 영업손실은 아닙니다,,○
Δ부채비율,부채비율이 전년 대비 뚜렷하게 올랐습니다,부채비율이 전년 대비 개선되었습니다,,
Δ영업이익률,수익성이 전년 대비 나빠졌습니다,수익성이 전년 대비 개선되었습니다,,
ΔROA,자산수익성이 전년 대비 나빠졌습니다,자산수익성이 전년 대비 개선되었습니다,,
Δ유동비율,단기 유동성이 전년 대비 나빠졌습니다,단기 유동성이 전년 대비 개선되었습니다,,
Δ총자산회전율,자산 효율이 전년 대비 나빠졌습니다,자산 효율이 전년 대비 개선되었습니다,,
Δ영업현금흐름_매출,현금 회수가 전년 대비 나빠졌습니다,현금 회수가 전년 대비 개선되었습니다,,
매출증가율,매출이 줄었습니다,매출이 늘었습니다,,
자산증가율,자산이 줄었습니다,자산이 늘었습니다,,
로그자산,규모가 작은 편입니다,규모가 큰 편입니다,,○
