변수,문장,개정 전 표기,개정 후 표기,왜
부채비율,부채비율이 높습니다,실측 0.70,실측 0.70배,단위 명시
자기자본비율,자기자본이 얇아 손실을 흡수할 여력이 작습니다,실측 0.59,실측 58.6%,소수 → 백분율
유동비율,1년 내 갚아야 할 돈에 비해 현금화 가능한 자산이 부족합니다,실측 1.62,실측 162.1%,소수 → 백분율
이자보상배율,영업이익으로 이자비용을 감당하지 못하고 있습니다,실측 1.87,실측 1.87배,단위 명시
영업이익률,본업에서 이익이 나지 않고 있습니다,실측 0.04,실측 3.6%,소수 → 백분율
순이익률,순손실 상태입니다,실측 0.02,실측 2.3%,소수 → 백분율
ROA,자산 규모에 비해 벌어들이는 이익이 적습니다,실측 0.02,실측 1.9%,소수 → 백분율
총자산영업이익률,자산 대비 영업이익이 부족합니다,실측 0.03,실측 2.9%,소수 → 백분율
영업현금흐름_매출,매출은 있으나 현금이 들어오지 않고 있습니다,실측 0.05,실측 5.4%,소수 → 백분율
영업현금흐름_부채,영업활동 현금으로는 차입금 상환이 어렵습니다,실측 0.11,실측 10.6%,소수 → 백분율
이익의현금전환,장부상 이익과 실제 현금흐름이 벌어져 있습니다,실측 0.91,실측 0.91배,단위 명시
매출채권회전율,대금 회수가 느려 매출채권이 쌓이고 있습니다,실측 5.85,실측 5.85회,단위 명시
재고자산회전율,재고가 소진되지 않고 누적되고 있습니다,실측 8.04,실측 8.04회,단위 명시
총자산회전율,보유 자산 규모에 비해 매출이 작습니다,실측 0.74,실측 0.74회,단위 명시
자본잠식률,자본잠식이 진행되어 있습니다,실측 -8.30,실측 -829.7%,소수 → 백분율
로그자산,자산 규모가 작아 외부 충격이나 자금경색에 견딜 여력이 작습니다,실측 25.75,"자산 약 1,528억원",로그값 → 억원 환산
